user_id,email,org_id,role,state,district_id
78ba78cb-6d6b-524e-b375-7a0129c57de4,,dacf0ef8-f259-588d-a73d-5b0e3d819015,student,California,82dce7ac-c184-5767-8299-72abc10f96bf
9d416084-cb1e-5549-9c06-48282ab7b1e5,GLENDA@Example.Com,4b47301f-e271-54a1-9a84-6882c15347d8,teacher,nyc,1f85b5c5-897a-5667-a68f-bdbd74e71278
f1ff358d-d074-50d6-be79-aaa567e7d893,EVE.lem@Example.com,e5e00628-ab09-51cb-97f9-b378d28f557a,other, cax ,
7f35b50c-dc49-561c-8c51-fbc3c03a9435,ALICE.Smith@example.com,8c6ec79b-5b50-5085-bc51-4e29a32bb4f4,teacher,ca,82dce7ac-c184-5767-8299-72abc10f96bf
3df86e75-4f6f-58e2-9070-69dab9f835e7,bob@example.COM,4b47301f-e271-54a1-9a84-6882c15347d8,district_admin,NY,1f85b5c5-897a-5667-a68f-bdbd74e71278
526f37c6-5e7b-5fce-a5ee-c381b1e06fcf, Dax@Learning.org  ,8c6ec79b-5b50-5085-bc51-4e29a32bb4f4,teacher,tx,d47588b3-7813-5b17-abde-669520568002
e8a120a4-be61-540e-a3fc-fcfe10aa331b, frank@example.com,e5e00628-ab09-51cb-97f9-b378d28f557a,admin,zz,d47588b3-7813-5b17-abde-669520568002
e7f8d3a2-0d7e-586c-b826-6e1f2d356913,  Alice.Smith@Example.com ,8c6ec79b-5b50-5085-bc51-4e29a32bb4f4,teacher,ca,82dce7ac-c184-5767-8299-72abc10f96bf
