event_id,user_id,resource_id,event_type,event_ts
6bb897b9-d479-5f94-86bb-66a8310e5a9f,3df86e75-4f6f-58e2-9070-69dab9f835e7,554e0f2d-f846-5dcb-beca-0c466482ac34,Start,01/06/2024 08:00:00
37fcee24-ba0e-5487-b05b-fdb8c4afbd3c,9d416084-cb1e-5549-9c06-48282ab7b1e5,80afc564-c8a4-5b67-8d84-bd5a9c6e33fa,submit,2024-03-05T09:15:00+00:00
0385a641-b997-57bf-82d7-94accd9363f4,e8a120a4-be61-540e-a3fc-fcfe10aa331b,1f6ab8c6-b47a-5430-9ce6-85678574ec9b,share,04/02/2024 13:20
6bb897b9-d479-5f94-86bb-66a8310e5a9f,3df86e75-4f6f-58e2-9070-69dab9f835e7,554e0f2d-f846-5dcb-beca-0c466482ac34,start,01/06/2024 08:00 AM
5a49d116-1935-53f5-a1d1-7c9a6e878112,78ba78cb-6d6b-524e-b375-7a0129c57de4,dcf6aa9e-78d5-5aaf-adb8-8f30f3848919,complete,March 3 2024 16:35
abe87774-2634-5be7-990e-21e31a452045,e7f8d3a2-0d7e-586c-b826-6e1f2d356913,72a110ed-bebf-5666-89c0-e4e4557014c5, view ,2024-01-15 14:30:00
